President,Date,Approval
Truman,1945-06-01,87
Truman,1945-10-05,82
Truman,1945-11-02,75
Truman,1946-01-05,63
Truman,1946-02-28,49
Truman,1946-03-29,51
Truman,1946-06-01,45
Truman,1946-06-14,43
Truman,1946-09-13,33
Truman,1946-11-15,34
Truman,1946-12-13,35
Truman,1947-01-17,48
Truman,1947-03-14,60
Truman,1947-03-28,63
Truman,1947-04-25,57
Truman,1947-05-23,65
Truman,1947-06-20,55
Truman,1947-07-04,61
Truman,1947-09-12,55
Truman,1947-11-28,54
Truman,1948-01-02,53
Truman,1948-04-09,36
Truman,1948-05-28,39
Truman,1948-06-18,40
Truman,1949-01-07,69
Truman,1949-03-06,57
Truman,1949-05-02,51
Truman,1949-06-11,57
Truman,1949-09-03,45
Truman,1949-09-25,51
Truman,1949-09-28,50
Truman,1950-01-08,45
Truman,1950-02-26,37
Truman,1950-05-04,41
Truman,1950-06-04,37
Truman,1950-07-09,46
Truman,1950-07-30,39
Truman,1950-08-20,43
Truman,1950-09-17,35
Truman,1950-10-01,35
Truman,1950-10-08,43
Truman,1950-10-20,41
Truman,1950-10-22,39
Truman,1950-12-03,33
Truman,1951-01-01,36
Truman,1951-02-04,26
Truman,1951-03-04,27
Truman,1951-03-26,28
Truman,1951-04-16,24
Truman,1951-05-19,24
Truman,1951-06-16,25
Truman,1951-07-08,29
Truman,1951-08-03,31
Truman,1951-09-21,32
Truman,1951-10-14,29
Truman,1951-11-11,23
Truman,1952-01-06,23
Truman,1952-01-20,25
Truman,1952-02-09,22
Truman,1952-04-13,28
Truman,1952-05-11,27
Truman,1952-05-30,31
Truman,1952-06-15,32
Truman,1952-07-13,29
Truman,1952-10-03,33
Truman,1952-10-05,31
Truman,1952-10-09,32
Truman,1952-12-11,32
Eisenhower,1953-02-01,68
Eisenhower,1953-02-22,67
Eisenhower,1953-03-28,74
Eisenhower,1953-04-19,73
Eisenhower,1953-05-09,74
Eisenhower,1953-07-04,69
Eisenhower,1953-07-25,73
Eisenhower,1953-08-15,74
Eisenhower,1953-09-12,61
Eisenhower,1953-10-09,65
Eisenhower,1953-11-01,61
Eisenhower,1953-11-19,59
Eisenhower,1953-12-11,69
Eisenhower,1954-01-09,71
Eisenhower,1954-01-28,70
Eisenhower,1954-02-25,67
Eisenhower,1954-03-19,66
Eisenhower,1954-04-08,68
Eisenhower,1954-05-02,60
Eisenhower,1954-05-21,61
Eisenhower,1954-06-12,62
Eisenhower,1954-07-02,65
Eisenhower,1954-07-16,75
Eisenhower,1954-08-05,67
Eisenhower,1954-08-26,63
Eisenhower,1954-09-16,66
Eisenhower,1954-10-15,61
Eisenhower,1954-11-11,57
Eisenhower,1954-12-02,69
Eisenhower,1954-12-31,70
Eisenhower,1955-01-20,70
Eisenhower,1955-02-10,73
Eisenhower,1955-03-03,71
Eisenhower,1955-03-24,66
Eisenhower,1955-04-14,70
Eisenhower,1955-05-12,68
Eisenhower,1955-06-03,70
Eisenhower,1955-06-24,67
Eisenhower,1955-07-14,72
Eisenhower,1955-08-04,76
Eisenhower,1955-08-25,71
Eisenhower,1955-09-15,71
Eisenhower,1955-11-17,78
Eisenhower,1955-12-08,75
Eisenhower,1956-01-06,76
Eisenhower,1956-01-26,77
Eisenhower,1956-02-16,75
Eisenhower,1956-03-08,72
Eisenhower,1956-03-29,73
Eisenhower,1956-04-19,69
Eisenhower,1956-05-10,69
Eisenhower,1956-05-31,71
Eisenhower,1956-06-15,73
Eisenhower,1956-07-12,70
Eisenhower,1956-08-03,68
Eisenhower,1956-11-22,75
Eisenhower,1956-12-14,79
Eisenhower,1957-01-17,73
Eisenhower,1957-02-07,72
Eisenhower,1957-02-28,72
Eisenhower,1957-03-15,65
Eisenhower,1957-04-06,67
Eisenhower,1957-04-25,64
Eisenhower,1957-05-17,62
Eisenhower,1957-06-06,64
Eisenhower,1957-06-27,63
Eisenhower,1957-07-18,65
Eisenhower,1957-08-08,63
Eisenhower,1957-08-29,59
Eisenhower,1957-09-19,59
Eisenhower,1957-10-10,57
Eisenhower,1957-11-07,58
Eisenhower,1958-01-02,60
Eisenhower,1958-01-24,58
Eisenhower,1958-02-14,54
Eisenhower,1958-03-06,51
Eisenhower,1958-03-27,48
Eisenhower,1958-04-16,54
Eisenhower,1958-05-07,53
Eisenhower,1958-05-28,54
Eisenhower,1958-07-10,52
Eisenhower,1958-07-30,58
Eisenhower,1958-08-20,56
Eisenhower,1958-09-10,57
Eisenhower,1958-09-24,54
Eisenhower,1958-10-15,57
Eisenhower,1958-11-07,52
Eisenhower,1958-12-03,57
Eisenhower,1959-01-07,57
Eisenhower,1959-02-04,59
Eisenhower,1959-03-04,58
Eisenhower,1959-04-02,62
Eisenhower,1959-04-29,60
Eisenhower,1959-05-29,64
Eisenhower,1959-06-25,62
Eisenhower,1959-07-23,61
Eisenhower,1959-08-20,67
Eisenhower,1959-09-18,66
Eisenhower,1959-10-16,67
Eisenhower,1959-11-12,65
Eisenhower,1959-12-03,67
Eisenhower,1959-12-10,77
Eisenhower,1960-01-06,66
Eisenhower,1960-02-04,64
Eisenhower,1960-03-02,64
Eisenhower,1960-03-30,65
Eisenhower,1960-04-28,62
Eisenhower,1960-05-26,65
Eisenhower,1960-06-16,61
Eisenhower,1960-06-30,57
Eisenhower,1960-07-16,49
Eisenhower,1960-07-30,63
Eisenhower,1960-08-11,63
Eisenhower,1960-08-25,61
Eisenhower,1960-09-09,58
Eisenhower,1960-09-28,65
Eisenhower,1960-10-18,58
Eisenhower,1960-11-17,59
Eisenhower,1960-12-08,59
Kennedy,1961-02-10,72
Kennedy,1961-03-10,73
Kennedy,1961-04-06,78
Kennedy,1961-04-28,83
Kennedy,1961-05-04,77
Kennedy,1961-05-17,75
Kennedy,1961-05-28,74
Kennedy,1961-06-23,72
Kennedy,1961-07-27,75
Kennedy,1961-08-24,76
Kennedy,1961-09-21,79
Kennedy,1961-10-19,77
Kennedy,1961-11-17,79
Kennedy,1961-12-07,77
Kennedy,1962-01-11,79
Kennedy,1962-02-08,78
Kennedy,1962-03-08,79
Kennedy,1962-04-06,77
Kennedy,1962-05-03,74
Kennedy,1962-05-31,71
Kennedy,1962-06-28,69
Kennedy,1962-07-26,66
Kennedy,1962-08-23,67
Kennedy,1962-09-20,63
Kennedy,1962-10-19,61
Kennedy,1962-11-16,74
Kennedy,1962-12-13,76
Kennedy,1963-01-11,74
Kennedy,1963-02-07,70
Kennedy,1963-03-08,67
Kennedy,1963-04-04,66
Kennedy,1963-05-02,64
Kennedy,1963-05-08,65
Kennedy,1963-05-23,64
Kennedy,1963-06-21,61
Kennedy,1963-07-18,61
Kennedy,1963-08-15,62
Kennedy,1963-09-12,56
Kennedy,1963-10-11,58
Kennedy,1963-11-08,58
Johnson,1963-12-05,78
Johnson,1963-12-12,74
Johnson,1964-01-02,77
Johnson,1964-01-30,76
Johnson,1964-02-13,73
Johnson,1964-02-28,79
Johnson,1964-03-13,77
Johnson,1964-03-27,75
Johnson,1964-04-24,75
Johnson,1964-05-06,75
Johnson,1964-05-22,74
Johnson,1964-06-04,74
Johnson,1964-06-11,74
Johnson,1964-06-25,74
Johnson,1964-11-20,70
Johnson,1964-12-11,69
Johnson,1965-01-07,71
Johnson,1965-01-28,70
Johnson,1965-02-19,68
Johnson,1965-03-11,68
Johnson,1965-03-18,69
Johnson,1965-04-02,67
Johnson,1965-04-23,64
Johnson,1965-05-13,70
Johnson,1965-06-04,69
Johnson,1965-06-24,65
Johnson,1965-07-16,65
Johnson,1965-08-05,65
Johnson,1965-08-27,64
Johnson,1965-09-16,63
Johnson,1965-10-08,66
Johnson,1965-10-29,65
Johnson,1965-11-18,62
Johnson,1965-12-11,63
Johnson,1965-12-31,59
Johnson,1966-01-21,61
Johnson,1966-02-10,56
Johnson,1966-03-03,58
Johnson,1966-03-24,57
Johnson,1966-04-14,54
Johnson,1966-05-05,46
Johnson,1966-05-19,50
Johnson,1966-06-16,48
Johnson,1966-07-08,56
Johnson,1966-07-29,51
Johnson,1966-08-18,47
Johnson,1966-09-08,46
Johnson,1966-10-01,44
Johnson,1966-10-21,44
Johnson,1966-11-10,49
Johnson,1966-12-08,44
Johnson,1967-01-07,47
Johnson,1967-01-26,46
Johnson,1967-02-16,45
Johnson,1967-03-09,45
Johnson,1967-03-30,46
Johnson,1967-04-19,48
Johnson,1967-05-11,45
Johnson,1967-06-02,44
Johnson,1967-06-22,51
Johnson,1967-07-13,47
Johnson,1967-08-03,40
Johnson,1967-08-24,39
Johnson,1967-09-14,38
Johnson,1967-10-06,38
Johnson,1967-10-27,41
Johnson,1967-11-16,42
Johnson,1967-12-07,46
Johnson,1968-01-04,48
Johnson,1968-02-02,41
Johnson,1968-02-22,41
Johnson,1968-03-10,36
Johnson,1968-04-04,50
Johnson,1968-05-02,46
Johnson,1968-05-23,41
Johnson,1968-06-13,42
Johnson,1968-06-26,40
Johnson,1968-07-18,40
Johnson,1968-08-07,35
Johnson,1968-09-19,42
Johnson,1968-11-09,43
Johnson,1968-12-05,44
Johnson,1969-01-01,49
Nixon,1969-01-23,59
Nixon,1969-02-20,60
Nixon,1969-03-12,65
Nixon,1969-03-27,63
Nixon,1969-04-10,61
Nixon,1969-05-01,62
Nixon,1969-05-15,65
Nixon,1969-05-22,62
Nixon,1969-06-19,63
Nixon,1969-07-10,58
Nixon,1969-07-24,65
Nixon,1969-08-14,62
Nixon,1969-09-11,60
Nixon,1969-09-17,58
Nixon,1969-10-02,57
Nixon,1969-10-17,56
Nixon,1969-11-12,67
Nixon,1969-12-12,59
Nixon,1970-01-02,61
Nixon,1970-01-15,63
Nixon,1970-01-30,64
Nixon,1970-02-27,56
Nixon,1970-03-18,53
Nixon,1970-03-20,54
Nixon,1970-04-16,56
Nixon,1970-04-29,57
Nixon,1970-05-21,59
Nixon,1970-06-18,55
Nixon,1970-07-09,61
Nixon,1970-07-31,55
Nixon,1970-08-25,55
Nixon,1970-09-11,57
Nixon,1970-09-25,51
Nixon,1970-10-09,58
Nixon,1970-11-12,57
Nixon,1970-12-03,52
Nixon,1971-01-08,56
Nixon,1971-02-19,49
Nixon,1971-03-11,50
Nixon,1971-04-02,49
Nixon,1971-04-23,50
Nixon,1971-05-14,50
Nixon,1971-06-04,48
Nixon,1971-06-25,48
Nixon,1971-07-15,50
Nixon,1971-08-27,49
Nixon,1971-10-08,52
Nixon,1971-10-29,49
Nixon,1971-12-10,50
Nixon,1972-01-07,49
Nixon,1972-02-04,52
Nixon,1972-03-03,56
Nixon,1972-03-24,53
Nixon,1972-04-28,54
Nixon,1972-05-26,62
Nixon,1972-06-16,59
Nixon,1972-06-23,56
Nixon,1972-11-11,62
Nixon,1972-12-08,59
Nixon,1973-01-12,51
Nixon,1973-01-26,67
Nixon,1973-02-16,65
Nixon,1973-03-30,57
Nixon,1973-04-06,54
Nixon,1973-04-27,48
Nixon,1973-05-04,45
Nixon,1973-05-11,44
Nixon,1973-06-01,44
Nixon,1973-06-22,44
Nixon,1973-07-06,39
Nixon,1973-08-03,31
Nixon,1973-08-17,36
Nixon,1973-09-07,34
Nixon,1973-09-21,33
Nixon,1973-10-05,30
Nixon,1973-10-19,27
Nixon,1973-11-02,27
Nixon,1973-11-30,31
Nixon,1973-12-07,29
Nixon,1974-01-04,27
Nixon,1974-01-18,26
Nixon,1974-02-01,28
Nixon,1974-02-08,27
Nixon,1974-02-22,25
Nixon,1974-03-08,26
Nixon,1974-03-29,26
Nixon,1974-04-12,25
Nixon,1974-04-19,26
Nixon,1974-05-03,25
Nixon,1974-05-10,25
Nixon,1974-05-17,26
Nixon,1974-05-31,28
Nixon,1974-06-21,26
Nixon,1974-06-28,28
Nixon,1974-07-12,24
Nixon,1974-08-02,24
Ford,1974-08-16,71
Ford,1974-09-06,66
Ford,1974-09-27,50
Ford,1974-10-11,52
Ford,1974-10-18,54
Ford,1974-11-08,47
Ford,1974-11-15,48
Ford,1974-12-06,42
Ford,1975-01-10,37
Ford,1975-01-28,39
Ford,1975-02-28,39
Ford,1975-03-07,38
Ford,1975-03-28,37
Ford,1975-04-04,44
Ford,1975-04-18,39
Ford,1975-05-02,40
Ford,1975-05-30,51
Ford,1975-06-27,52
Ford,1975-08-01,45
Ford,1975-08-15,46
Ford,1975-09-12,45
Ford,1975-10-03,47
Ford,1975-10-17,47
Ford,1975-10-31,44
Ford,1975-11-21,41
Ford,1975-12-05,46
Ford,1975-12-12,39
Ford,1976-01-02,46
Ford,1976-01-23,45
Ford,1976-01-30,46
Ford,1976-02-27,48
Ford,1976-03-19,50
Ford,1976-04-09,48
Ford,1976-05-20,47
Ford,1976-06-11,45
Ford,1976-12-10,53
Carter,1977-02-04,66
Carter,1977-02-18,71
Carter,1977-03-04,70
Carter,1977-03-18,75
Carter,1977-03-25,72
Carter,1977-04-01,67
Carter,1977-04-15,63
Carter,1977-04-29,63
Carter,1977-05-06,66
Carter,1977-05-20,64
Carter,1977-06-03,63
Carter,1977-06-17,63
Carter,1977-07-08,62
Carter,1977-07-22,67
Carter,1977-08-05,60
Carter,1977-08-19,66
Carter,1977-09-09,54
Carter,1977-09-30,59
Carter,1977-10-14,55
Carter,1977-10-21,54
Carter,1977-10-28,51
Carter,1977-11-04,55
Carter,1977-11-18,56
Carter,1977-12-09,57
Carter,1978-01-06,55
Carter,1978-01-20,52
Carter,1978-02-11,47
Carter,1978-02-24,50
Carter,1978-03-02,49
Carter,1978-03-10,50
Carter,1978-03-31,48
Carter,1978-04-14,40
Carter,1978-04-28,41
Carter,1978-05-05,41
Carter,1978-05-19,43
Carter,1978-06-02,44
Carter,1978-06-16,42
Carter,1978-07-08,40
Carter,1978-07-21,39
Carter,1978-08-04,39
Carter,1978-08-11,40
Carter,1978-08-18,43
Carter,1978-09-08,42
Carter,1978-09-15,45
Carter,1978-09-22,48
Carter,1978-10-27,49
Carter,1978-11-10,52
Carter,1978-12-01,50
Carter,1978-12-08,51
Carter,1979-01-05,50
Carter,1979-01-19,43
Carter,1979-02-02,42
Carter,1979-02-23,37
Carter,1979-03-02,39
Carter,1979-03-16,47
Carter,1979-03-23,42
Carter,1979-04-06,40
Carter,1979-05-04,37
Carter,1979-05-18,32
Carter,1979-06-01,29
Carter,1979-06-22,29
Carter,1979-06-29,28
Carter,1979-07-13,29
Carter,1979-08-03,32
Carter,1979-08-10,33
Carter,1979-08-17,32
Carter,1979-09-07,30
Carter,1979-09-28,33
Carter,1979-10-05,29
Carter,1979-10-12,31
Carter,1979-11-02,32
Carter,1979-11-16,38
Carter,1979-11-30,51
Carter,1979-12-07,54
Carter,1980-01-05,56
Carter,1980-01-25,58
Carter,1980-02-01,55
Carter,1980-02-29,52
Carter,1980-03-07,43
Carter,1980-03-27,39
Carter,1980-04-11,39
Carter,1980-05-02,43
Carter,1980-05-16,38
Carter,1980-05-30,38
Carter,1980-06-13,32
Carter,1980-06-27,31
Carter,1980-07-11,33
Carter,1980-08-15,32
Carter,1980-09-12,37
Carter,1980-11-21,31
Carter,1980-12-05,34
Reagan,1981-01-30,51
Reagan,1981-02-13,55
Reagan,1981-03-13,60
Reagan,1981-04-03,67
Reagan,1981-04-10,67
Reagan,1981-05-08,68
Reagan,1981-06-05,59
Reagan,1981-06-19,59
Reagan,1981-06-26,58
Reagan,1981-07-17,60
Reagan,1981-07-24,56
Reagan,1981-07-31,60
Reagan,1981-08-14,60
Reagan,1981-10-02,56
Reagan,1981-10-30,53
Reagan,1981-11-13,49
Reagan,1981-11-20,54
Reagan,1981-12-11,49
Reagan,1982-01-08,49
Reagan,1982-01-22,47
Reagan,1982-02-05,47
Reagan,1982-03-12,46
Reagan,1982-04-02,45
Reagan,1982-04-23,43
Reagan,1982-04-30,44
Reagan,1982-05-14,45
Reagan,1982-06-11,45
Reagan,1982-06-25,44
Reagan,1982-07-23,42
Reagan,1982-07-30,41
Reagan,1982-08-13,41
Reagan,1982-08-27,42
Reagan,1982-09-17,42
Reagan,1982-10-15,42
Reagan,1982-11-05,43
Reagan,1982-11-19,43
Reagan,1982-12-10,41
Reagan,1983-01-14,37
Reagan,1983-01-21,37
Reagan,1983-01-28,35
Reagan,1983-02-25,40
Reagan,1983-03-11,41
Reagan,1983-04-15,41
Reagan,1983-04-29,43
Reagan,1983-05-13,43
Reagan,1983-05-20,46
Reagan,1983-06-10,43
Reagan,1983-06-24,47
Reagan,1983-07-22,42
Reagan,1983-07-29,44
Reagan,1983-08-05,44
Reagan,1983-08-12,43
Reagan,1983-08-19,43
Reagan,1983-09-09,47
Reagan,1983-09-16,47
Reagan,1983-10-07,45
Reagan,1983-10-21,49
Reagan,1983-11-18,53
Reagan,1983-12-09,54
Reagan,1984-01-13,52
Reagan,1984-01-27,55
Reagan,1984-02-10,55
Reagan,1984-03-16,54
Reagan,1984-04-06,54
Reagan,1984-05-03,52
Reagan,1984-05-18,54
Reagan,1984-06-06,55
Reagan,1984-06-22,54
Reagan,1984-06-29,53
Reagan,1984-07-06,54
Reagan,1984-07-13,55
Reagan,1984-07-27,52
Reagan,1984-08-10,54
Reagan,1984-09-07,57
Reagan,1984-09-21,57
Reagan,1984-09-28,54
Reagan,1984-10-26,58
Reagan,1984-11-09,61
Reagan,1984-11-30,62
Reagan,1984-12-07,59
Reagan,1985-01-11,62
Reagan,1985-01-25,64
Reagan,1985-02-15,60
Reagan,1985-03-08,56
Reagan,1985-04-12,52
Reagan,1985-05-17,55
Reagan,1985-06-07,58
Reagan,1985-07-12,63
Reagan,1985-08-13,65
Reagan,1985-08-16,57
Reagan,1985-09-13,60
Reagan,1985-10-11,63
Reagan,1985-11-01,62
Reagan,1985-11-11,65
Reagan,1985-12-06,63
Reagan,1986-01-10,64
Reagan,1986-03-04,63
Reagan,1986-04-11,62
Reagan,1986-05-16,68
Reagan,1986-06-06,61
Reagan,1986-06-09,64
Reagan,1986-07-11,63
Reagan,1986-08-08,61
Reagan,1986-09-12,61
Reagan,1986-09-13,63
Reagan,1986-10-24,63
Reagan,1986-12-04,47
Reagan,1986-12-05,48
Reagan,1987-01-16,48
Reagan,1987-03-06,43
Reagan,1987-03-14,47
Reagan,1987-04-10,48
Reagan,1987-06-05,47
Reagan,1987-06-08,53
Reagan,1987-07-10,49
Reagan,1987-08-07,45
Reagan,1987-08-24,49
Reagan,1987-10-23,51
Reagan,1987-12-04,49
Reagan,1988-01-22,49
Reagan,1988-03-04,50
Reagan,1988-03-08,51
Reagan,1988-04-08,50
Reagan,1988-05-02,50
Reagan,1988-05-13,48
Reagan,1988-06-10,51
Reagan,1988-06-24,48
Reagan,1988-07-01,51
Reagan,1988-07-15,54
Reagan,1988-08-19,53
Reagan,1988-09-25,54
Reagan,1988-10-21,51
Reagan,1988-11-11,57
Reagan,1988-12-27,63
Bush,1989-01-24,51
Bush,1989-02-28,63
Bush,1989-03-10,56
Bush,1989-04-10,58
Bush,1989-05-04,56
Bush,1989-05-15,63
Bush,1989-06-08,70
Bush,1989-07-06,66
Bush,1989-08-10,69
Bush,1989-09-07,70
Bush,1989-10-05,68
Bush,1989-11-02,70
Bush,1989-12-07,71
Bush,1990-01-04,80
Bush,1990-02-08,73
Bush,1990-02-15,73
Bush,1990-03-08,68
Bush,1990-03-15,74
Bush,1990-04-05,68
Bush,1990-04-19,67
Bush,1990-05-17,65
Bush,1990-06-07,67
Bush,1990-06-15,69
Bush,1990-07-06,63
Bush,1990-07-19,60
Bush,1990-08-09,74
Bush,1990-08-16,75
Bush,1990-08-23,76
Bush,1990-08-30,74
Bush,1990-09-10,76
Bush,1990-09-14,73
Bush,1990-09-27,67
Bush,1990-10-03,66
Bush,1990-10-11,56
Bush,1990-10-18,53
Bush,1990-10-25,54
Bush,1990-11-01,58
Bush,1990-11-08,58
Bush,1990-11-15,54
Bush,1990-11-29,61
Bush,1990-12-06,58
Bush,1990-12-13,63
Bush,1991-01-03,58
Bush,1991-01-11,64
Bush,1991-01-17,82
Bush,1991-01-19,80
Bush,1991-01-23,83
Bush,1991-01-30,82
Bush,1991-02-07,79
Bush,1991-02-14,80
Bush,1991-02-21,80
Bush,1991-02-28,89
Bush,1991-03-07,87
Bush,1991-03-14,86
Bush,1991-03-21,84
Bush,1991-03-28,82
Bush,1991-04-04,83
Bush,1991-04-11,77
Bush,1991-04-25,76
Bush,1991-05-02,74
Bush,1991-05-16,77
Bush,1991-05-23,76
Bush,1991-05-30,74
Bush,1991-06-13,71
Bush,1991-06-27,72
Bush,1991-07-11,72
Bush,1991-07-18,70
Bush,1991-07-25,71
Bush,1991-08-08,71
Bush,1991-08-23,74
Bush,1991-08-29,69
Bush,1991-09-05,70
Bush,1991-09-13,68
Bush,1991-09-26,66
Bush,1991-10-03,65
Bush,1991-10-10,66
Bush,1991-10-17,66
Bush,1991-10-24,62
Bush,1991-10-31,59
Bush,1991-11-07,56
Bush,1991-11-14,56
Bush,1991-11-21,52
Bush,1991-12-05,52
Bush,1991-12-12,50
Bush,1992-01-03,46
Bush,1992-01-16,46
Bush,1992-01-31,47
Bush,1992-02-06,44
Bush,1992-02-19,39
Bush,1992-02-28,41
Bush,1992-03-11,41
Bush,1992-03-20,41
Bush,1992-03-26,42
Bush,1992-04-09,39
Bush,1992-04-20,42
Bush,1992-05-07,40
Bush,1992-05-18,41
Bush,1992-06-04,37
Bush,1992-06-12,37
Bush,1992-06-26,38
Bush,1992-07-24,32
Bush,1992-07-31,29
Bush,1992-08-10,35
Bush,1992-08-21,40
Bush,1992-08-31,39
Bush,1992-09-11,39
Bush,1992-09-17,36
Bush,1992-10-01,33
Bush,1992-10-13,34
Bush,1992-11-20,43
Bush,1992-12-04,49
Bush,1992-12-18,49
Bush,1993-01-08,56
Clinton,1993-01-24,58
Clinton,1993-01-29,54
Clinton,1993-02-12,51
Clinton,1993-02-26,59
Clinton,1993-03-12,53
Clinton,1993-03-29,52
Clinton,1993-04-22,55
Clinton,1993-05-10,45
Clinton,1993-05-21,44
Clinton,1993-06-05,37
Clinton,1993-06-18,39
Clinton,1993-06-29,46
Clinton,1993-07-09,45
Clinton,1993-07-19,41
Clinton,1993-08-08,44
Clinton,1993-08-23,44
Clinton,1993-09-10,47
Clinton,1993-09-13,46
Clinton,1993-09-24,56
Clinton,1993-10-08,50
Clinton,1993-10-13,47
Clinton,1993-10-28,48
Clinton,1993-11-02,48
Clinton,1993-11-15,50
Clinton,1993-11-19,48
Clinton,1993-12-04,52
Clinton,1993-12-17,54
Clinton,1994-01-06,54
Clinton,1994-01-15,54
Clinton,1994-01-28,58
Clinton,1994-02-26,53
Clinton,1994-03-07,50
Clinton,1994-03-11,50
Clinton,1994-03-25,52
Clinton,1994-03-28,51
Clinton,1994-04-16,51
Clinton,1994-04-22,48
Clinton,1994-05-20,51
Clinton,1994-06-03,46
Clinton,1994-06-11,49
Clinton,1994-06-25,44
Clinton,1994-07-01,43
Clinton,1994-07-15,42
Clinton,1994-08-08,43
Clinton,1994-08-15,39
Clinton,1994-09-06,39
Clinton,1994-09-16,42
Clinton,1994-09-23,44
Clinton,1994-10-07,42
Clinton,1994-10-18,41
Clinton,1994-10-22,48
Clinton,1994-11-02,46
Clinton,1994-11-28,43
Clinton,1994-12-02,42
Clinton,1994-12-16,42
Clinton,1994-12-28,40
Clinton,1995-01-16,47
Clinton,1995-02-03,49
Clinton,1995-02-24,42
Clinton,1995-03-17,46
Clinton,1995-03-27,44
Clinton,1995-04-05,47
Clinton,1995-04-17,46
Clinton,1995-04-21,51
Clinton,1995-05-11,51
Clinton,1995-06-05,47
Clinton,1995-07-07,48
Clinton,1995-07-20,46
Clinton,1995-08-04,46
Clinton,1995-08-11,46
Clinton,1995-08-28,46
Clinton,1995-09-14,44
Clinton,1995-09-22,48
Clinton,1995-10-05,46
Clinton,1995-10-19,49
Clinton,1995-11-06,52
Clinton,1995-11-17,53
Clinton,1995-12-15,51
Clinton,1996-01-05,42
Clinton,1996-01-12,46
Clinton,1996-01-26,52
Clinton,1996-02-23,53
Clinton,1996-03-08,54
Clinton,1996-03-15,52
Clinton,1996-04-09,54
Clinton,1996-04-25,56
Clinton,1996-05-09,55
Clinton,1996-05-28,53
Clinton,1996-06-18,58
Clinton,1996-06-27,52
Clinton,1996-07-18,57
Clinton,1996-07-25,58
Clinton,1996-08-05,57
Clinton,1996-08-16,52
Clinton,1996-08-23,53
Clinton,1996-08-30,60
Clinton,1996-09-07,60
Clinton,1996-10-01,58
Clinton,1996-10-02,57
Clinton,1996-10-26,54
Clinton,1996-11-21,58
Clinton,1996-12-09,58
Clinton,1997-01-03,58
Clinton,1997-01-10,62
Clinton,1997-01-30,60
Clinton,1997-02-24,57
Clinton,1997-03-24,59
Clinton,1997-04-18,54
Clinton,1997-05-06,57
Clinton,1997-05-30,57
Clinton,1997-06-26,55
Clinton,1997-07-25,58
Clinton,1997-08-12,61
Clinton,1997-08-22,60
Clinton,1997-09-06,61
Clinton,1997-09-25,58
Clinton,1997-10-03,55
Clinton,1997-10-27,59
Clinton,1997-11-06,59
Clinton,1997-11-21,61
Clinton,1997-12-18,56
Clinton,1998-01-06,59
Clinton,1998-01-16,60
Clinton,1998-01-23,58
Clinton,1998-01-24,60
Clinton,1998-01-25,59
Clinton,1998-01-30,69
Clinton,1998-02-13,66
Clinton,1998-02-20,66
Clinton,1998-03-06,63
Clinton,1998-03-20,66
Clinton,1998-04-17,63
Clinton,1998-05-08,64
Clinton,1998-06-05,60
Clinton,1998-06-22,60
Clinton,1998-07-07,61
Clinton,1998-07-13,63
Clinton,1998-08-07,64
Clinton,1998-08-10,65
Clinton,1998-08-21,62
Clinton,1998-09-11,63
Clinton,1998-09-14,63
Clinton,1998-09-23,66
Clinton,1998-10-06,63
Clinton,1998-10-09,65
Clinton,1998-10-23,65
Clinton,1998-10-29,66
Clinton,1998-11-13,66
Clinton,1998-11-20,66
Clinton,1998-12-04,66
Clinton,1998-12-12,64
Clinton,1998-12-15,63
Clinton,1998-12-19,73
Clinton,1999-01-08,67
Clinton,1999-01-15,69
Clinton,1999-01-22,69
Clinton,1999-02-04,65
Clinton,1999-02-12,68
Clinton,1999-02-19,66
Clinton,1999-02-26,66
Clinton,1999-03-05,68
Clinton,1999-03-12,62
Clinton,1999-03-19,64
Clinton,1999-03-30,64
Clinton,1999-04-06,59
Clinton,1999-04-13,60
Clinton,1999-04-26,60
Clinton,1999-04-30,60
Clinton,1999-05-07,60
Clinton,1999-05-23,53
Clinton,1999-06-04,60
Clinton,1999-06-11,60
Clinton,1999-06-25,57
Clinton,1999-07-13,59
Clinton,1999-07-16,58
Clinton,1999-07-22,64
Clinton,1999-08-03,60
Clinton,1999-08-16,59
Clinton,1999-08-24,60
Clinton,1999-09-10,60
Clinton,1999-09-23,59
Clinton,1999-10-08,56
Clinton,1999-10-21,59
Clinton,1999-11-04,58
Clinton,1999-11-18,59
Clinton,1999-12-09,56
Clinton,1999-12-20,57
Clinton,2000-01-07,63
Clinton,2000-01-13,59
Clinton,2000-01-17,62
Clinton,2000-01-25,64
Clinton,2000-02-04,63
Clinton,2000-02-14,62
Clinton,2000-02-25,57
Clinton,2000-03-10,63
Clinton,2000-03-17,56
Clinton,2000-03-30,62
Clinton,2000-04-28,59
Clinton,2000-05-05,57
Clinton,2000-05-18,57
Clinton,2000-06-06,60
Clinton,2000-06-22,55
Clinton,2000-07-06,59
Clinton,2000-07-14,59
Clinton,2000-07-25,57
Clinton,2000-08-04,57
Clinton,2000-08-11,58
Clinton,2000-08-18,62
Clinton,2000-08-29,62
Clinton,2000-09-11,60
Clinton,2000-10-06,58
Clinton,2000-10-25,57
Clinton,2000-11-13,63
Clinton,2000-12-02,60
Clinton,2000-12-15,66
Clinton,2001-01-05,65
Clinton,2001-01-10,66
Bush,2001-02-01,57
Bush,2001-02-09,57
Bush,2001-02-19,62
Bush,2001-03-05,63
Bush,2001-03-09,58
Bush,2001-03-26,53
Bush,2001-04-06,59
Bush,2001-04-20,62
Bush,2001-05-07,53
Bush,2001-05-10,56
Bush,2001-05-18,56
Bush,2001-06-08,55
Bush,2001-06-11,55
Bush,2001-06-28,52
Bush,2001-07-10,57
Bush,2001-07-19,56
Bush,2001-08-03,55
Bush,2001-08-10,57
Bush,2001-08-16,57
Bush,2001-08-24,55
Bush,2001-09-07,51
Bush,2001-09-14,86
Bush,2001-09-21,90
Bush,2001-10-05,87
Bush,2001-10-11,89
Bush,2001-10-19,88
Bush,2001-11-02,87
Bush,2001-11-08,87
Bush,2001-11-26,87
Bush,2001-12-06,86
Bush,2001-12-14,86
Bush,2002-01-07,84
Bush,2002-01-11,83
Bush,2002-01-25,84
Bush,2002-02-04,82
Bush,2002-02-08,82
Bush,2002-03-01,81
Bush,2002-03-04,77
Bush,2002-03-08,80
Bush,2002-03-18,79
Bush,2002-03-22,79
Bush,2002-04-05,76
Bush,2002-04-08,75
Bush,2002-04-22,77
Bush,2002-04-29,77
Bush,2002-05-06,76
Bush,2002-05-20,76
Bush,2002-05-28,77
Bush,2002-06-03,70
Bush,2002-06-07,74
Bush,2002-06-17,74
Bush,2002-06-21,73
Bush,2002-06-28,76
Bush,2002-07-05,76
Bush,2002-07-09,73
Bush,2002-07-22,69
Bush,2002-07-26,69
Bush,2002-07-29,71
Bush,2002-08-05,68
Bush,2002-08-19,65
Bush,2002-09-02,66
Bush,2002-09-05,66
Bush,2002-09-13,70
Bush,2002-09-20,66
Bush,2002-09-23,68
Bush,2002-10-03,67
Bush,2002-10-14,62
Bush,2002-10-21,67
Bush,2002-10-31,63
Bush,2002-11-08,68
Bush,2002-11-11,66
Bush,2002-11-22,65
Bush,2002-12-05,64
Bush,2002-12-09,63
Bush,2002-12-16,63
Bush,2002-12-19,61
Bush,2003-01-03,63
Bush,2003-01-10,58
Bush,2003-01-13,61
Bush,2003-01-20,58
Bush,2003-01-23,60
Bush,2003-01-31,61
Bush,2003-02-03,59
Bush,2003-02-07,61
Bush,2003-02-17,58
Bush,2003-02-24,57
Bush,2003-03-03,57
Bush,2003-03-14,58
Bush,2003-03-22,71
Bush,2003-03-24,69
Bush,2003-03-29,71
Bush,2003-04-05,70
Bush,2003-04-07,69
Bush,2003-04-14,71
Bush,2003-04-22,70
Bush,2003-05-05,69
Bush,2003-05-19,66
Bush,2003-05-30,64
Bush,2003-06-09,62
Bush,2003-06-12,63
Bush,2003-06-27,61
Bush,2003-07-07,62
Bush,2003-07-18,59
Bush,2003-07-25,58
Bush,2003-08-04,60
Bush,2003-08-25,59
Bush,2003-09-08,52
Bush,2003-09-19,50
Bush,2003-10-06,55
Bush,2003-10-10,56
Bush,2003-10-24,53
Bush,2003-11-03,54
Bush,2003-11-10,51
Bush,2003-11-14,50
Bush,2003-12-05,55
Bush,2003-12-11,56
Bush,2003-12-15,63
Bush,2004-01-02,60
Bush,2004-01-09,59
Bush,2004-01-12,53
Bush,2004-01-29,49
Bush,2004-02-06,52
Bush,2004-02-09,51
Bush,2004-02-16,51
Bush,2004-03-05,49
Bush,2004-03-08,50
Bush,2004-03-26,53
Bush,2004-04-05,52
Bush,2004-04-16,52
Bush,2004-05-02,49
Bush,2004-05-07,46
Bush,2004-05-21,47
Bush,2004-06-03,49
Bush,2004-06-21,48
Bush,2004-07-08,47
Bush,2004-07-19,49
Bush,2004-07-30,48
Bush,2004-08-09,51
Bush,2004-08-23,49
Bush,2004-09-03,52
Bush,2004-09-13,52
Bush,2004-09-24,54
Bush,2004-10-01,50
Bush,2004-10-09,47
Bush,2004-10-11,48
Bush,2004-10-14,51
Bush,2004-10-22,51
Bush,2004-10-29,48
Bush,2004-11-07,53
Bush,2004-11-19,55
Bush,2004-12-05,53
Bush,2004-12-17,49
Bush,2005-01-03,52
Bush,2005-01-07,52
Bush,2005-01-14,51
Bush,2005-02-04,57
Bush,2005-02-07,49
Bush,2005-02-21,51
Bush,2005-02-25,52
Bush,2005-03-07,52
Bush,2005-03-18,52
Bush,2005-03-21,45
Bush,2005-04-01,48
Bush,2005-04-04,50
Bush,2005-04-18,48
Bush,2005-04-29,48
Bush,2005-05-02,50
Bush,2005-05-20,46
Bush,2005-05-23,48
Bush,2005-06-06,47
Bush,2005-06-16,47
Bush,2005-06-24,45
Bush,2005-06-29,46
Bush,2005-07-07,49
Bush,2005-07-22,49
Bush,2005-07-25,44
Bush,2005-08-05,45
Bush,2005-08-08,45
Bush,2005-08-22,40
Bush,2005-08-28,45
Bush,2005-09-08,46
Bush,2005-09-12,45
Bush,2005-09-16,40
Bush,2005-09-26,45
Bush,2005-10-13,39
Bush,2005-10-21,42
Bush,2005-10-24,41
Bush,2005-10-28,41
Bush,2005-11-07,40
Bush,2005-11-11,37
Bush,2005-11-17,38
Bush,2005-12-05,43
Bush,2005-12-09,42
Bush,2005-12-16,41
Bush,2005-12-19,43
Bush,2006-01-06,43
Bush,2006-01-09,43
Bush,2006-01-20,43
Bush,2006-02-06,42
Bush,2006-02-09,39
Bush,2006-02-28,38
Bush,2006-03-10,36
Bush,2006-03-13,37
Bush,2006-04-07,37
Bush,2006-04-10,36
Bush,2006-04-28,34
Bush,2006-05-05,31
Bush,2006-05-08,33
Bush,2006-06-01,36
Bush,2006-06-09,38
Bush,2006-06-23,37
Bush,2006-07-06,40
Bush,2006-07-21,37
Bush,2006-07-28,40
Bush,2006-08-07,37
Bush,2006-08-18,42
Bush,2006-09-07,39
Bush,2006-09-15,44
Bush,2006-10-06,37
Bush,2006-10-09,37
Bush,2006-10-20,37
Bush,2006-11-02,38
Bush,2006-11-09,33
Bush,2006-12-08,38
Bush,2006-12-11,35
Bush,2007-01-05,37
Bush,2007-01-12,34
Bush,2007-01-15,36
Bush,2007-02-01,32
Bush,2007-02-09,37
Bush,2007-03-02,33
Bush,2007-03-11,35
Bush,2007-03-23,34
Bush,2007-04-02,38
Bush,2007-04-13,36
Bush,2007-05-04,34
Bush,2007-05-10,33
Bush,2007-06-01,32
Bush,2007-06-11,32
Bush,2007-07-06,29
Bush,2007-07-12,31
Bush,2007-08-03,34
Bush,2007-08-13,32
Bush,2007-09-07,33
Bush,2007-09-14,36
Bush,2007-10-04,32
Bush,2007-10-12,32
Bush,2007-11-02,31
Bush,2007-11-11,32
Bush,2007-11-30,34
Bush,2007-12-06,37
Bush,2007-12-14,32
Bush,2008-01-04,32
Bush,2008-01-10,34
Bush,2008-01-30,34
Bush,2008-02-08,33
Bush,2008-02-11,31
Bush,2008-02-21,32
Bush,2008-03-06,32
Bush,2008-03-14,32
Bush,2008-04-06,28
Bush,2008-04-18,28
Bush,2008-05-01,28
Bush,2008-05-08,29
Bush,2008-05-30,28
Bush,2008-06-09,30
Bush,2008-06-15,28
Bush,2008-07-10,31
Bush,2008-07-25,32
Bush,2008-08-07,33
Bush,2008-08-21,29
Bush,2008-09-05,33
Bush,2008-09-08,31
Bush,2008-09-26,27
Bush,2008-10-03,25
Bush,2008-10-10,25
Bush,2008-10-23,31
Bush,2008-10-31,25
Bush,2008-11-07,28
Bush,2008-11-13,29
Bush,2008-12-04,32
Bush,2008-12-12,29
Bush,2009-01-09,34
Obama,2009-01-19,67
Obama,2009-01-26,66
Obama,2009-02-02,65
Obama,2009-02-09,64
Obama,2009-02-16,62
Obama,2009-02-23,64
Obama,2009-03-02,62
Obama,2009-03-09,62
Obama,2009-03-16,63
Obama,2009-03-23,61
Obama,2009-03-30,62
Obama,2009-04-06,61
Obama,2009-04-13,62
Obama,2009-04-20,65
Obama,2009-04-27,65
Obama,2009-05-04,66
Obama,2009-05-11,64
Obama,2009-05-18,64
Obama,2009-05-25,63
Obama,2009-06-01,62
Obama,2009-06-08,61
Obama,2009-06-15,59
Obama,2009-06-22,60
Obama,2009-06-29,60
Obama,2009-07-06,58
Obama,2009-07-13,59
Obama,2009-07-20,56
Obama,2009-07-27,54
Obama,2009-08-03,56
Obama,2009-08-10,54
Obama,2009-08-17,52
Obama,2009-08-24,50
Obama,2009-08-31,53
Obama,2009-09-07,52
Obama,2009-09-14,52
Obama,2009-09-21,51
Obama,2009-09-28,52
Obama,2009-10-05,54
Obama,2009-10-12,52
Obama,2009-10-19,53
Obama,2009-10-26,53
Obama,2009-11-02,52
Obama,2009-11-09,53
Obama,2009-11-16,49
Obama,2009-11-23,50
Obama,2009-11-30,50
Obama,2009-12-07,49
Obama,2009-12-14,50
Obama,2009-12-21,51
Obama,2009-12-28,51
Obama,2010-01-04,51
Obama,2010-01-11,50
Obama,2010-01-18,49
Obama,2010-01-25,48
Obama,2010-02-01,50
Obama,2010-02-08,51
Obama,2010-02-15,49
Obama,2010-02-22,50
Obama,2010-03-01,49
Obama,2010-03-08,48
Obama,2010-03-15,48
Obama,2010-03-22,49
Obama,2010-03-29,49
Obama,2010-04-05,47
Obama,2010-04-12,48
Obama,2010-04-19,50
Obama,2010-04-26,48
Obama,2010-05-03,50
Obama,2010-05-10,49
Obama,2010-05-17,48
Obama,2010-05-24,46
Obama,2010-05-31,47
Obama,2010-06-07,46
Obama,2010-06-14,47
Obama,2010-06-21,45
Obama,2010-06-28,46
Obama,2010-07-05,46
Obama,2010-07-12,46
Obama,2010-07-19,45
Obama,2010-07-26,45
Obama,2010-08-02,45
Obama,2010-08-09,44
Obama,2010-08-16,43
Obama,2010-08-23,43
Obama,2010-08-30,45
Obama,2010-09-06,46
Obama,2010-09-13,46
Obama,2010-09-20,44
Obama,2010-09-27,46
Obama,2010-10-04,46
Obama,2010-10-11,45
Obama,2010-10-18,44
Obama,2010-10-25,45
Obama,2010-11-01,45
Obama,2010-11-08,44
Obama,2010-11-15,46
Obama,2010-11-22,45
Obama,2010-11-29,46
Obama,2010-12-06,45
Obama,2010-12-13,46
Obama,2010-12-20,47
Obama,2010-12-27,48
Obama,2011-01-03,48
Obama,2011-01-10,49
Obama,2011-01-17,50
Obama,2011-01-24,50
Obama,2011-01-31,47
Obama,2011-02-07,48
Obama,2011-02-14,48
Obama,2011-02-21,48
Obama,2011-02-28,46
Obama,2011-03-07,47
Obama,2011-03-14,48
Obama,2011-03-21,45
Obama,2011-03-28,48
Obama,2011-04-04,45
Obama,2011-04-11,43
Obama,2011-04-18,43
Obama,2011-04-25,44
Obama,2011-05-02,51
Obama,2011-05-09,49
Obama,2011-05-16,50
Obama,2011-05-23,49
Obama,2011-05-30,50
Obama,2011-06-06,46
Obama,2011-06-13,47
Obama,2011-06-20,43
Obama,2011-06-27,46
Obama,2011-07-04,46
Obama,2011-07-11,44
Obama,2011-07-18,43
Obama,2011-07-25,42
Obama,2011-08-01,42
Obama,2011-08-08,40
Obama,2011-08-15,40
Obama,2011-08-22,40
Obama,2011-08-29,42
Obama,2011-09-05,43
Obama,2011-09-12,40
Obama,2011-09-19,41
Obama,2011-09-26,41
Obama,2011-10-03,40
Obama,2011-10-10,41
Obama,2011-10-17,41
Obama,2011-10-24,43
Obama,2011-10-31,43
Obama,2011-11-07,43
Obama,2011-11-14,43
Obama,2011-11-21,43
Obama,2011-11-28,42
Obama,2011-12-05,43
Obama,2011-12-12,42
Obama,2011-12-19,45
Obama,2011-12-26,42
Obama,2012-01-02,46
Obama,2012-01-09,45
Obama,2012-01-16,45
Obama,2012-01-23,45
Obama,2012-01-30,46
Obama,2012-02-06,47
Obama,2012-02-13,45
Obama,2012-02-20,45
Obama,2012-02-27,45
Obama,2012-03-05,48
Obama,2012-03-12,46
Obama,2012-03-19,46
Obama,2012-03-26,46
Obama,2012-04-02,47
Obama,2012-04-09,47
Obama,2012-04-16,48
Obama,2012-04-23,48
Obama,2012-04-30,48
Obama,2012-05-07,47
Obama,2012-05-14,47
Obama,2012-05-21,48
Obama,2012-05-28,46
Obama,2012-06-04,47
Obama,2012-06-11,46
Obama,2012-06-18,46
Obama,2012-06-25,47
Obama,2012-07-02,45
Obama,2012-07-09,46
Obama,2012-07-16,45
Obama,2012-07-23,47
Obama,2012-07-30,45
Obama,2012-08-06,45
Obama,2012-08-13,45
Obama,2012-08-20,46
Obama,2012-08-27,44
Obama,2012-09-03,50
Obama,2012-09-10,50
Obama,2012-09-17,49
Obama,2012-09-24,48
Obama,2012-10-01,52
Obama,2012-10-08,50
Obama,2012-10-15,50
Obama,2012-10-22,50
Obama,2012-10-29,52
Obama,2012-11-05,51
Obama,2012-11-12,53
Obama,2012-11-19,52
Obama,2012-11-26,51
Obama,2012-12-03,50
Obama,2012-12-10,52
Obama,2012-12-17,57
Obama,2012-12-24,53
Obama,2012-12-31,53
Obama,2013-01-07,54
Obama,2013-01-14,50
Obama,2013-01-21,52
Obama,2013-01-28,53
Obama,2013-02-04,52
Obama,2013-02-11,51
Obama,2013-02-18,51
Obama,2013-02-25,49
Obama,2013-03-04,49
Obama,2013-03-11,48
Obama,2013-03-18,47
Obama,2013-03-25,48
Obama,2013-04-01,48
Obama,2013-04-08,49
Obama,2013-04-15,50
Obama,2013-04-22,51
Obama,2013-04-29,50
Obama,2013-05-06,49
Obama,2013-05-13,49
Obama,2013-05-20,49
Obama,2013-05-27,48
Obama,2013-06-03,48
Obama,2013-06-10,47
Obama,2013-06-17,46
Obama,2013-06-24,47
Obama,2013-07-01,46
Obama,2013-07-08,46
Obama,2013-07-15,47
Obama,2013-07-22,46
Obama,2013-07-29,45
Obama,2013-08-05,44
Obama,2013-08-12,46
Obama,2013-08-19,46
Obama,2013-08-26,44
Obama,2013-09-02,44
Obama,2013-09-09,45
Obama,2013-09-16,44
Obama,2013-09-23,45
Obama,2013-09-30,44
Obama,2013-10-07,42
Obama,2013-10-14,43
Obama,2013-10-21,43
Obama,2013-10-28,41
Obama,2013-11-04,41
Obama,2013-11-11,41
Obama,2013-11-18,40
Obama,2013-11-25,42
Obama,2013-12-02,41
Obama,2013-12-09,42
Obama,2013-12-16,40
Obama,2013-12-23,43
Obama,2014-01-02,41
Obama,2014-01-06,41
Obama,2014-01-13,40
Obama,2014-01-20,42
Obama,2014-01-27,42
Obama,2014-02-03,41
Obama,2014-02-10,40
Obama,2014-02-17,45
Obama,2014-02-24,42
Obama,2014-03-03,43
Obama,2014-03-10,40
Obama,2014-03-17,44
Obama,2014-03-24,43
Obama,2014-03-31,44
Obama,2014-04-07,43
Obama,2014-04-14,44
Obama,2014-04-21,44
Obama,2014-04-28,44
Obama,2014-05-05,45
Obama,2014-05-12,44
Obama,2014-05-19,43
Obama,2014-05-26,44
Obama,2014-06-02,44
Obama,2014-06-09,42
Obama,2014-06-16,41
Obama,2014-06-23,42
Obama,2014-06-30,43
Obama,2014-07-07,42
Obama,2014-07-14,43
Obama,2014-07-21,41
Obama,2014-07-28,42
Obama,2014-08-04,42
Obama,2014-08-11,41
Obama,2014-08-18,43
Obama,2014-08-25,41
Obama,2014-09-01,40
Obama,2014-09-08,41
Obama,2014-09-15,43
Obama,2014-09-22,42
Obama,2014-09-29,43
Obama,2014-10-06,41
Obama,2014-10-13,41
Obama,2014-10-20,42
Obama,2014-10-27,42
Obama,2014-11-03,40
Obama,2014-11-10,42
Obama,2014-11-17,42
Obama,2014-11-24,43
Obama,2014-12-01,43
Obama,2014-12-08,43
Obama,2014-12-15,45
Obama,2014-12-22,44
Obama,2014-12-29,46
Obama,2015-01-05,46
Obama,2015-01-12,46
Obama,2015-01-19,49
Obama,2015-01-26,47
Obama,2015-02-02,46
Obama,2015-02-09,47
Obama,2015-02-16,46
Obama,2015-02-23,45
Obama,2015-03-02,46
Obama,2015-03-09,47
Obama,2015-03-16,45
Obama,2015-03-23,46
Obama,2015-03-30,47
Obama,2015-04-06,48
Obama,2015-04-13,46
Obama,2015-04-20,45
Obama,2015-04-27,48
Obama,2015-05-04,47
Obama,2015-05-11,47
Obama,2015-05-18,46
Obama,2015-05-25,47
Obama,2015-06-01,46
Obama,2015-06-08,45
Obama,2015-06-15,45
Obama,2015-06-22,47
Obama,2015-06-29,46
Obama,2015-07-06,46
Obama,2015-07-13,46
Obama,2015-07-20,46
Obama,2015-07-27,46
Obama,2015-08-03,46
Obama,2015-08-10,46
Obama,2015-08-17,44
Obama,2015-08-24,46
Obama,2015-08-31,46
Obama,2015-09-07,46
Obama,2015-09-14,46
Obama,2015-09-21,48
Obama,2015-09-28,47
Obama,2015-10-05,46
Obama,2015-10-12,46
Obama,2015-10-19,46
Obama,2015-10-26,47
Obama,2015-11-02,49
Obama,2015-11-09,49
Obama,2015-11-16,44
Obama,2015-11-23,46
Obama,2015-11-30,47
Obama,2015-12-07,45
Obama,2015-12-14,45
Obama,2015-12-21,48
Obama,2015-12-28,45
Obama,2016-01-04,47
Obama,2016-01-11,48
Obama,2016-01-18,48
Obama,2016-01-25,48
Obama,2016-02-01,47
Obama,2016-02-08,48
Obama,2016-02-15,48
Obama,2016-02-22,48
Obama,2016-02-29,50
Obama,2016-03-07,51
Obama,2016-03-14,50
Obama,2016-03-21,53
Obama,2016-03-28,51
Obama,2016-04-04,51
Obama,2016-04-11,48
Obama,2016-04-18,51
Obama,2016-04-25,51
Obama,2016-05-02,52
Obama,2016-05-09,51
Obama,2016-05-16,51
Obama,2016-05-23,52
Obama,2016-05-30,51
Obama,2016-06-06,53
Obama,2016-06-13,53
Obama,2016-06-20,50
Obama,2016-06-27,51
Obama,2016-07-04,51
Obama,2016-07-11,49
Obama,2016-07-18,49
Obama,2016-07-25,53
Obama,2016-08-01,52
Obama,2016-08-08,52
Obama,2016-08-15,51
Obama,2016-08-22,51
Obama,2016-08-29,52
Obama,2016-09-05,51
Obama,2016-09-12,52
Obama,2016-09-19,53
Obama,2016-09-26,53
Obama,2016-10-03,52
Obama,2016-10-10,54
Obama,2016-10-17,55
Obama,2016-10-24,54
Obama,2016-10-31,53
Obama,2016-11-07,57
Obama,2016-11-14,56
Obama,2016-11-21,56
Obama,2016-11-28,54
Obama,2016-12-05,57
Obama,2016-12-12,56
Obama,2016-12-19,56
Obama,2016-12-26,55
Obama,2017-01-02,55
Obama,2017-01-09,57
Obama,2017-01-16,59
Trump,2017-01-20,45
Trump,2017-01-20,45
Trump,2017-01-30,43
Trump,2017-01-30,43
Trump,2017-02-06,41
Trump,2017-02-06,41
Trump,2017-02-13,40
Trump,2017-02-13,40
Trump,2017-02-20,42
Trump,2017-02-20,42
Trump,2017-02-27,43
Trump,2017-02-27,43
Trump,2017-03-06,42
Trump,2017-03-06,42
Trump,2017-03-13,40
Trump,2017-03-13,40
Trump,2017-03-20,39
Trump,2017-03-20,39
Trump,2017-03-27,38
Trump,2017-03-27,38
Trump,2017-04-03,40
Trump,2017-04-03,40
Trump,2017-04-10,40
Trump,2017-04-10,40
Trump,2017-04-17,41
Trump,2017-04-17,41
Trump,2017-04-24,41
Trump,2017-04-24,41
Trump,2017-05-01,42
Trump,2017-05-01,42
Trump,2017-05-08,38
Trump,2017-05-08,38
Trump,2017-05-15,38
Trump,2017-05-15,38
Trump,2017-05-22,41
Trump,2017-05-22,41
Trump,2017-05-29,38
Trump,2017-05-29,38
Trump,2017-06-05,37
Trump,2017-06-05,37
Trump,2017-06-12,38
Trump,2017-06-12,38
Trump,2017-06-19,39
Trump,2017-06-19,39
Trump,2017-06-25,39
Trump,2017-06-25,39
Trump,2017-07-03,38
Trump,2017-07-03,38
Trump,2017-07-10,39
Trump,2017-07-10,39
Trump,2017-07-17,37
Trump,2017-07-17,37
Trump,2017-07-24,38
Trump,2017-07-24,38
Trump,2017-07-31,37
Trump,2017-07-31,37
Trump,2017-08-07,36
Trump,2017-08-07,36
Trump,2017-08-14,37
Trump,2017-08-14,37
Trump,2017-08-21,35
Trump,2017-08-21,35
Trump,2017-08-28,36
Trump,2017-08-28,36
Trump,2017-09-04,37
Trump,2017-09-04,37
Trump,2017-09-11,38
Trump,2017-09-11,38
Trump,2017-09-18,38
Trump,2017-09-18,38
Trump,2017-09-25,37
Trump,2017-09-25,37
Trump,2017-10-02,38
Trump,2017-10-02,38
Trump,2017-10-09,37
Trump,2017-10-09,37
Trump,2017-10-16,36
Trump,2017-10-16,36
Trump,2017-10-23,35
Trump,2017-10-23,35
Trump,2017-10-30,38
Trump,2017-10-30,38
Trump,2017-11-06,38
Trump,2017-11-06,38
Trump,2017-11-13,38
Trump,2017-11-13,38
Trump,2017-11-20,37
Trump,2017-11-20,37
Trump,2017-11-27,35
Trump,2017-11-27,35
Trump,2017-12-04,36
Trump,2017-12-04,36
Trump,2017-12-11,35
Trump,2017-12-11,35
Trump,2017-12-18,37
Trump,2017-12-18,37
Trump,2017-12-25,39
Trump,2017-12-25,39
Trump,2018-01-01,37
Trump,2018-01-01,37
Trump,2018-01-08,38
Trump,2018-01-08,38
Trump,2018-01-15,36
Trump,2018-01-15,36
Trump,2018-01-22,38
Trump,2018-01-22,38
Trump,2018-01-29,40
Trump,2018-01-29,40
Trump,2018-02-05,40
Trump,2018-02-05,40
Trump,2018-02-12,37
Trump,2018-02-12,37
Trump,2018-02-19,39
Trump,2018-02-19,39
Trump,2018-02-26,39
Trump,2018-02-26,39
Trump,2018-03-05,39
Trump,2018-03-05,39
Trump,2018-03-12,40
Trump,2018-03-12,40
Trump,2018-03-19,39
Trump,2018-03-19,39
Trump,2018-03-26,39
Trump,2018-03-26,39
Trump,2018-04-02,41
Trump,2018-04-02,41
Trump,2018-04-09,39
Trump,2018-04-09,39
Trump,2018-04-16,38
Trump,2018-04-16,38
Trump,2018-04-23,42
Trump,2018-04-23,42
Trump,2018-04-30,42
Trump,2018-04-30,42
Trump,2018-05-07,43
Trump,2018-05-07,43
Trump,2018-05-14,42
Trump,2018-05-14,42
Trump,2018-05-21,40
Trump,2018-05-21,40
Trump,2018-05-28,41
Trump,2018-05-28,41
Trump,2018-06-04,42
Trump,2018-06-04,42
Trump,2018-06-11,45
Trump,2018-06-11,45
Trump,2018-06-18,41
Trump,2018-06-18,41
Trump,2018-06-25,42
Trump,2018-06-25,42
Trump,2018-07-02,41
Trump,2018-07-02,41
Trump,2018-07-09,43
Trump,2018-07-09,43
Trump,2018-07-16,42
Trump,2018-07-16,42
Trump,2018-07-23,40
Trump,2018-07-23,40
Trump,2018-07-30,41
Trump,2018-07-30,41
Trump,2018-08-06,39
Trump,2018-08-06,39
Trump,2018-08-13,42
Trump,2018-08-13,42
Trump,2018-08-20,41
Trump,2018-08-20,41
Trump,2018-08-27,41
Trump,2018-08-27,41
Trump,2018-09-03,40
Trump,2018-09-03,40
Trump,2018-09-10,38
Trump,2018-09-10,38
Trump,2018-09-17,40
Trump,2018-09-17,40
Trump,2018-09-24,42
Trump,2018-09-24,42
Trump,2018-10-01,43
Trump,2018-10-01,43
Trump,2018-10-08,44
Trump,2018-10-08,44
Trump,2018-10-15,44
Trump,2018-10-15,44
Trump,2018-10-22,40
Trump,2018-10-22,40
Trump,2018-10-29,40
Trump,2018-10-29,40
Trump,2018-11-05,38
Trump,2018-11-05,38
Trump,2018-11-12,43
Trump,2018-11-12,43
Trump,2018-11-19,38
Trump,2018-11-19,38
Trump,2018-11-26,40
Trump,2018-11-26,40
Trump,2018-12-03,40
Trump,2018-12-03,40
Trump,2018-12-10,38
Trump,2018-12-10,38
Trump,2018-12-17,39
Trump,2018-12-17,39
Trump,2019-01-02,37
Trump,2019-01-02,37
Trump,2019-01-21,37
Trump,2019-01-21,37
Trump,2019-02-01,44
Trump,2019-02-01,44
Trump,2019-02-12,43
Trump,2019-02-12,43
Trump,2019-03-01,39
Trump,2019-03-01,39
Trump,2019-04-01,45
Trump,2019-04-01,45
Trump,2019-04-17,46
Trump,2019-04-17,46
Trump,2019-05-01,42
Trump,2019-05-01,42
Trump,2019-05-15,40
Trump,2019-05-15,40
Trump,2019-06-03,43
Trump,2019-06-03,43
Trump,2019-06-19,41
Trump,2019-06-19,41
Trump,2019-07-01,44
Trump,2019-07-01,44
Trump,2019-07-15,42
Trump,2019-07-15,42
Trump,2019-08-01,41
Trump,2019-08-01,41
Trump,2019-08-15,39
Trump,2019-08-15,39
Trump,2019-09-03,43
Trump,2019-09-03,43
Trump,2019-09-16,40
Trump,2019-09-16,40
Trump,2019-10-01,39
Trump,2019-10-01,39
Trump,2019-10-14,41
Trump,2019-10-14,41
Trump,2019-11-01,43
Trump,2019-11-01,43
Trump,2019-12-02,45
Trump,2019-12-02,45
Trump,2020-01-02,44
Trump,2020-01-02,44
Trump,2020-01-16,49
Trump,2020-01-16,49
Trump,2020-02-03,49
Trump,2020-02-03,49
Trump,2020-02-17,47
Trump,2020-02-17,47
Trump,2020-03-02,44
Trump,2020-03-02,44
Trump,2020-03-13,49
Trump,2020-03-13,49
Trump,2020-04-01,43
Trump,2020-04-01,43
Trump,2020-04-14,49
Trump,2020-04-14,49
Trump,2020-05-01,49
Trump,2020-05-01,49
Trump,2020-05-28,39
Trump,2020-05-28,39
Trump,2020-06-08,38
Trump,2020-06-08,38
Trump,2020-07-01,41
Trump,2020-07-01,41
Trump,2020-07-30,42
Trump,2020-07-30,42
Trump,2020-08-31,42
Trump,2020-08-31,42
Trump,2020-09-14,46
Trump,2020-09-14,46
Trump,2020-09-30,43
Trump,2020-09-30,43
Trump,2020-10-16,46
Trump,2020-10-16,46
Trump,2020-11-05,43
Trump,2020-11-05,43
Trump,2020-12-01,39
Trump,2020-12-01,39
Trump,2021-01-04,34
Trump,2021-01-04,34
Biden,2021-01-21,57
Biden,2021-02-03,56
Biden,2021-03-01,54
Biden,2021-04-01,57
Biden,2021-05-03,54
Biden,2021-06-01,56
Biden,2021-07-06,50
Biden,2021-08-02,49
Biden,2021-09-01,43
Biden,2021-10-01,42
Biden,2021-11-01,42
Biden,2021-12-01,43
Biden,2022-01-03,40
Biden,2022-02-01,41
Biden,2022-03-01,42
Biden,2022-04-01,41
Biden,2022-05-02,41
Biden,2022-06-01,41
Biden,2022-08-01,44
Biden,2022-09-01,42
Biden,2022-10-03,40
Biden,2022-11-09,40
Biden,2023-01-02,41
Biden,2023-02-01,42
Biden,2023-03-01,40
Biden,2023-04-03,37
Biden,2023-05-01,39
Biden,2023-06-01,43
Biden,2023-07-03,40
Biden,2023-08-01,42
Biden,2023-09-01,41
Biden,2023-10-02,37
Biden,2023-11-01,37
Biden,2023-12-01,39
Biden,2024-01-02,41
Biden,2024-02-01,38
Biden,2024-03-01,40
Biden,2024-04-01,38
Biden,2024-05-01,39
Biden,2024-06-03,38
Biden,2024-07-01,36
Biden,2024-08-01,43
Biden,2024-09-03,39
Biden,2024-09-16,45
Biden,2024-10-01,39
Biden,2024-10-14,41
Biden,2024-11-01,37
Biden,2024-12-02,39
Biden,2025-01-02,40
